layer_idx,clean_acc,perturbed_acc,delta,dr_de
0,0.12930074599469066,0.1284801858443771,0.0008205601503135651,0.0008205601503135651
1,0.12930074599469066,0.12891482353341033,0.00038592246128033025,0.00038592246128033025
2,0.12930074599469066,0.12948565353142313,-0.00018490753673247595,-0.00018490753673247595
3,0.12930074599469066,0.12867911603369536,0.0006216299609952958,0.0006216299609952958
4,0.12930074599469066,0.12913561299879178,0.00016513299589887565,0.00016513299589887565
5,0.12930074599469066,0.12875521981555096,0.0005455261791396937,0.0005455261791396937
