layer_idx,reliability_r_l,analytical_derivative
0,0.9977664477309626,0.9984110832699056
1,0.999689329254939,0.9964906604253566
2,0.9997643569632054,0.9964158783929308
3,0.9995708790517152,0.9966087456194251
4,0.9997631413157175,0.9964170899703629
5,0.9996223805241046,0.9965573994123017
